[
  {
    "id": 1,
    "name": "AGUASCALIENTES",
    "displayName": "Aguascalientes, México",
    "lat": 22.0000001,
    "lng": -102.5000001,
    "districts": 3
  },
  {
    "id": 2,
    "name": "BAJA CALIFORNIA",
    "displayName": "Baja California, México",
    "lat": 30.0338923,
    "lng": -115.1425107,
    "districts": 8
  },
  {
    "id": 3,
    "name": "BAJA CALIFORNIA SUR",
    "displayName": "Baja California Sur, México",
    "lat": 25.5818014,
    "lng": -111.5706164,
    "districts": 2
  },
  {
    "id": 4,
    "name": "CAMPECHE",
    "displayName": "Campeche, México",
    "lat": 19.3290208,
    "lng": -89.9439820445858,
    "districts": 2
  },
  {
    "id": 5,
    "name": "COAHUILA",
    "displayName": "Coahuila de Zaragoza, México",
    "lat": 27.3333331,
    "lng": -102.0000001,
    "districts": 7
  },
  {
    "id": 6,
    "name": "COLIMA",
    "displayName": "Colima, México",
    "lat": 19.166667,
    "lng": -104,
    "districts": 2
  },
  {
    "id": 7,
    "name": "CHIAPAS",
    "displayName": "Chiapas, México",
    "lat": 16.5000001,
    "lng": -92.5000001,
    "districts": 12
  },
  {
    "id": 8,
    "name": "CHIHUAHUA",
    "displayName": "Chihuahua, México",
    "lat": 28.5000001,
    "lng": -106.0000001,
    "districts": 9
  },
  {
    "id": 9,
    "name": " CIUDAD DE MEXICO"
  },
  {
    "id": 10,
    "name": "DURANGO",
    "displayName": "Durango, México",
    "lat": 24.833333,
    "lng": -104.833333,
    "districts": 4
  },
  {
    "id": 11,
    "name": "GUANAJUATO",
    "displayName": "Guanajuato, México",
    "lat":21,
    "lng": -101,
    "districts": 14
  },
  {
    "id": 12,
    "name": "GUERRERO",
    "displayName": "Guerrero, México",
    "lat": 17.666667,
    "lng": -100,
    "districts": 9
  },
  {
    "id": 13,
    "name": "HIDALGO",
    "displayName": "Hidalgo, México",
    "lat": 20.5,
    "lng": -99,
    "districts": 7
  },
  {
    "id": 14,
    "name": "JALISCO",
    "displayName": "Jalisco, México",
    "lat": 20.3333331,
    "lng": -103.6666671,
    "districts": 19
  },
  {
    "id": 15,
    "name": "MEXICO",
    "displayName": "Estado de México, México",
    "lat": 19.4839446,
    "lng": -99.6899716,
    "districts": 40
  },
  {
    "id": 16,
    "name": "MICHOACAN",
    "displayName": "Michoacán de Ocampo, México",
    "lat": 19.207098,
    "lng": -101.878113,
    "districts": 12
  },
  {
    "id": 17,
    "name": "MORELOS",
    "displayName": "Morelos, México",
    "lat": 18.75,
    "lng": -99,
    "districts": 5
  },
  {
    "id": 18,
    "name": "NAYARIT",
    "displayName": "Nayarit, México",
    "lat": 22.0000001,
    "lng": -105.0000001,
    "districts": 3
  },
  {
    "id": 19,
    "name": "NUEVO LEON",
    "displayName": "Nuevo León, México",
    "lat": 26.2384363,
    "lng": -99.8873,
    "districts": 12
  },
  {
    "id": 20,
    "name": "OAXACA",
    "displayName": "Oaxaca, México",
    "lat":"17",    "lng": -96.5,
    "districts": 11
  },
  {
    "id": 21,
    "name": "PUEBLA",
    "displayName": "Puebla, México",
    "lat": 18.833333,
    "lng": -98,
    "districts": 16
  },
  {
    "id": 22,
    "name": "QUERETARO",
    "displayName": "Querétaro, México",
    "lat": 20.8542575,
    "lng": -99.84756,
    "districts": 4
  },
  {
    "id": 23,
    "name": "QUINTANA ROO",
    "displayName": "Quintana Roo, México",
    "lat": 19.6666671,
    "lng": -88.5000001,
    "districts": 3
  },
  {
    "id": 24,
    "name": "SAN LUIS POTOSI",
    "displayName": "San Luis Potosí, México",
    "lat": 22.5000001,
    "lng": -100.5000001,
    "districts": 7
  },
  {
    "id": 25,
    "name": "SINALOA",
    "displayName": "Sinaloa, México",
    "lat": 25.0000001,
    "lng": -107.5000001,
    "districts": 8
  },
  {
    "id": 26,
    "name": "SONORA",
    "displayName": "Sonora, México",
    "lat": 29.3333331,
    "lng": -110.6666671,
    "districts": 7
  },
  {
    "id": 27,
    "name": "TABASCO",
    "displayName": "Tabasco, México",
    "lat": 17.95078635,
    "lng": -92.483122132414,
    "districts": 6
  },
  {
    "id": 28,
    "name": "TAMAULIPAS",
    "displayName": "Tamaulipas, México",
    "lat": 23.9891553,
    "lng": -98.7026825,
    "districts": 8
  },
  {
    "id": 29,
    "name": "TLAXCALA",
    "displayName": "Tlaxcala, México",
    "lat": 19.416667,
    "lng": -98.166667,
    "districts": 3
  },
  {
    "id": 30,
    "name": "VERACRUZ",
    "displayName": "Veracruz de Ignacio de la Llave, México",
    "lat": 19.333333,
    "lng": -96.666667,
    "districts": 21
  },
  {
    "id": 31,
    "name": "YUCATAN",
    "displayName": "Yucatán, México",
    "lat": 20.6845957,
    "lng": -88.8755669,
    "districts": 5
  },
  {
    "id": 32,
    "name": "ZACATECAS",
    "displayName": "Zacatecas, México",
    "lat": 23.0000001,
    "lng": 103.0000001,
    "districts": 4
  }
]
